{"Guatemala": [[14.40677966101695, 26.27118644067797, 6.779661016949152, 5.932203389830509, 8.47457627118644, 8.47457627118644, 9.322033898305085, 11.864406779661017, 0.847457627118644, 5.084745762711865], ["k\u00f6t\u00fc", "kadar", "a\u00e7\u0131k", "bit", "ger\u00e7ek", "k\u00f6y", "basit", "yo\u011fun", "canl\u0131", "pahal\u0131", "ok", "pis", "an", "top", "y\u00fcksek", "il", "gider", "rahat", "ek", "is", "\u00f6zel", "kare", "geli\u015fmi\u015f", "ba\u011fl\u0131", "ara", "\u00fcst\u00fcn", "ciddi", "etkili", "yeni", "ucuz", "alto", "pop\u00fcler", "geni\u015f", "uzak", "on", "et", "ba\u015far\u0131l\u0131", "ilgi", "ilgin\u00e7", "kam", "ileri", "dolu", "a\u011f\u0131r", "komik", "eski", "\u015fey", "at", "kalabal\u0131k", "temiz", "liberal", "it", "harika", "b\u00fcy\u00fck", "hat", "erken", "h\u0131zl\u0131", "yak\u0131n", "zengin", "alt", "mutlu", "uzun", "g\u00fczel", "ada", "g\u00fc\u00e7l\u00fc", "adam", "e\u011flenceli", "sakin", "tatl\u0131", "bo\u015f", "boy", "so\u011fuk", "zor", "\u00f6nde", "hata", "OK", "tabu", "hale", "k\u0131sa", "kur", "tur", "ac\u0131", "demokrasi", "kaba", "normal", "\u00f6nemli", "\u00e7ok", "s\u0131cak", "farkl\u0131", "muhte\u015fem", "ata", "ten", "tez", "sessiz", "sorun", "m\u00fckemmel", "oda", "huzur", "kir", "dingin", "lama", "lider", "olay", "kar", "adil", "iyi", "seksi", "kaya", "k\u00fc\u00e7\u00fck", "sert", "sosyal", "kolay", "s\u0131k\u0131nt\u0131", "\u00fcnl\u00fc", "modern", "geri", "kova", "para", "saf"]], "Kenya": [[14.705882352941178, 28.676470588235293, 5.88235294117647, 5.147058823529411, 8.823529411764707, 5.88235294117647, 11.76470588235294, 13.23529411764706, 0.7352941176470588, 8.088235294117647], ["k\u00f6t\u00fc", "kadar", "a\u00e7\u0131k", "bit", "ger\u00e7ek", "k\u00f6y", "basit", "yo\u011fun", "canl\u0131", "pahal\u0131", "ok", "pis", "an", "top", "y\u00fcksek", "kin", "il", "gider", "verimli", "rahat", "ekonomik", "ek", "is", "\u00f6zel", "kare", "geli\u015fmi\u015f", "ba\u011fl\u0131", "ara", "\u00fcst\u00fcn", "ciddi", "etkili", "yeni", "ucuz", "pop\u00fcler", "alto", "geni\u015f", "uzak", "on", "et", "ba\u015far\u0131l\u0131", "ilgi", "geli\u015fme", "ilgin\u00e7", "kam", "ileri", "memnun", "dolu", "a\u011f\u0131r", "komik", "eski", "\u015fey", "at", "kalabal\u0131k", "temiz", "liberal", "gizli", "it", "harika", "b\u00fcy\u00fck", "hat", "bas", "erken", "h\u0131zl\u0131", "son", "yak\u0131n", "faydal\u0131", "zengin", "alt", "mutlu", "uzun", "g\u00fczel", "insan", "moda", "ho\u015f", "g\u00fc\u00e7l\u00fc", "adam", "e\u011flenceli", "sakin", "tatl\u0131", "bo\u015f", "boy", "so\u011fuk", "zor", "\u00f6nde", "do\u011fal", "hata", "far", "OK", "tabu", "k\u0131sa", "hale", "kur", "ge\u00e7", "tur", "d\u00fc\u015ft\u00fc", "ac\u0131", "demokrasi", "kaba", "normal", "\u00f6nemli", "\u00e7ok", "s\u0131cak", "farkl\u0131", "muhte\u015fem", "ata", "gelir", "ten", "tez", "sessiz", "m\u00fckemmel", "indi", "karanl\u0131k", "huzur", "kir", "dingin", "lama", "lider", "olay", "kar", "adil", "iyi", "seksi", "a\u00e7", "g\u00fcvenilir", "kaya", "k\u00fc\u00e7\u00fck", "sert", "sosyal", "kolay", "\u00fcnl\u00fc", "de\u011ferli", "modern", "geri", "kova", "para", "saf"]], "Laos": [[12.844036697247708, 23.853211009174313, 7.339449541284404, 4.587155963302752, 7.339449541284404, 7.339449541284404, 9.174311926605505, 13.761467889908257, 1.834862385321101, 8.256880733944955], ["k\u00f6t\u00fc", "kadar", "sa\u011flam", "bit", "romantik", "basit", "yo\u011fun", "canl\u0131", "pahal\u0131", "ok", "pis", "an", "top", "y\u00fcksek", "il", "gider", "kald\u0131", "rahat", "is", "\u00f6zel", "kare", "ara", "\u00fcst\u00fcn", "ciddi", "etkili", "aktif", "yeni", "ucuz", "alto", "pop\u00fcler", "geni\u015f", "on", "et", "ba\u015far\u0131l\u0131", "ilgi", "ilgin\u00e7", "kam", "dolu", "a\u011f\u0131r", "komik", "eski", "\u015fey", "kalabal\u0131k", "at", "sevimli", "liberal", "harika", "b\u00fcy\u00fck", "hat", "bas", "erken", "mal", "h\u0131zl\u0131", "son", "yak\u0131n", "faydal\u0131", "bol", "zengin", "alt", "mutlu", "uzun", "g\u00fczel", "g\u00fc\u00e7l\u00fc", "adam", "e\u011flenceli", "tatl\u0131", "bo\u015f", "boy", "so\u011fuk", "zor", "\u00f6nde", "hata", "OK", "zaman", "tabu", "hale", "k\u0131sa", "kur", "d\u00fc\u015ft\u00fc", "ac\u0131", "normal", "\u00f6nemli", "\u00e7ok", "s\u0131cak", "farkl\u0131", "muhte\u015fem", "efsane", "star", "ten", "tez", "m\u00fckemmel", "oda", "sent", "kompleks", "kir", "dingin", "lama", "ba\u015flad\u0131", "olay", "kar", "iyi", "seksi", "kaya", "sert", "kolay", "\u00fcnl\u00fc", "geri", "kova", "para"]], "Malta": [[13.178294573643413, 29.457364341085274, 6.2015503875969, 3.875968992248062, 8.527131782945736, 6.2015503875969, 11.627906976744185, 15.503875968992247, 1.550387596899225, 6.976744186046512], ["k\u00f6t\u00fc", "kadar", "a\u00e7\u0131k", "sa\u011flam", "bit", "ger\u00e7ek", "romantik", "basit", "yo\u011fun", "canl\u0131", "pahal\u0131", "ok", "pis", "an", "top", "y\u00fcksek", "gider", "rahat", "ek", "is", "\u00f6zel", "jest", "kare", "geli\u015fmi\u015f", "ba\u011fl\u0131", "ara", "\u00fcst\u00fcn", "ciddi", "yeni", "ucuz", "alto", "pop\u00fcler", "geni\u015f", "uzak", "on", "et", "ba\u015far\u0131l\u0131", "ilgi", "ilgin\u00e7", "kam", "ileri", "memnun", "dolu", "a\u011f\u0131r", "eski", "\u015fey", "at", "kalabal\u0131k", "temiz", "sevimli", "liberal", "karar", "gizli", "harika", "b\u00fcy\u00fck", "hat", "bas", "erken", "keyifli", "h\u0131zl\u0131", "son", "yak\u0131n", "zengin", "alt", "mutlu", "fark", "uzun", "g\u00fczel", "moda", "ho\u015f", "g\u00fc\u00e7l\u00fc", "adam", "e\u011flenceli", "sakin", "tatl\u0131", "bo\u015f", "boy", "so\u011fuk", "zor", "\u00f6nde", "do\u011fal", "hata", "OK", "tabu", "k\u0131sa", "hale", "kur", "ge\u00e7", "tur", "resmi", "pay", "ac\u0131", "normal", "\u00f6nemli", "\u00e7ok", "s\u0131cak", "farkl\u0131", "muhte\u015fem", "G\u00fczel", "gelir", "ten", "tez", "sessiz", "m\u00fckemmel", "oda", "bar", "huzur", "kir", "dingin", "lama", "kar", "adil", "iyi", "seksi", "g\u00fcvenilir", "kaya", "k\u00fc\u00e7\u00fck", "sert", "sosyal", "serbest", "kolay", "\u00fcnl\u00fc", "de\u011ferli", "modern", "geri", "kova", "para", "uygun", "saf"]], "Nepal": [[13.492063492063492, 26.984126984126984, 6.349206349206349, 5.555555555555555, 7.936507936507936, 7.142857142857142, 11.11111111111111, 15.079365079365079, 0.7936507936507936, 6.349206349206349], ["k\u00f6t\u00fc", "kadar", "a\u00e7\u0131k", "sa\u011flam", "bit", "sa\u011fl\u0131kl\u0131", "ger\u00e7ek", "k\u00f6y", "basit", "yo\u011fun", "canl\u0131", "karma", "pahal\u0131", "ok", "pis", "an", "top", "y\u00fcksek", "il", "gider", "rahat", "ek", "is", "\u00f6zel", "jest", "kare", "geli\u015fmi\u015f", "ara", "\u00fcst\u00fcn", "ciddi", "etkili", "yeni", "ucuz", "pop\u00fcler", "geni\u015f", "uzak", "on", "et", "ba\u015far\u0131l\u0131", "ilgi", "geli\u015fme", "ilgin\u00e7", "kam", "ileri", "memnun", "dolu", "a\u011f\u0131r", "komik", "eski", "\u015fey", "at", "kalabal\u0131k", "temiz", "liberal", "gizli", "it", "harika", "b\u00fcy\u00fck", "hat", "erken", "h\u0131zl\u0131", "yak\u0131n", "faydal\u0131", "bol", "zengin", "alt", "mutlu", "uzun", "g\u00fczel", "sevgi", "ho\u015f", "ada", "g\u00fc\u00e7l\u00fc", "adam", "e\u011flenceli", "sakin", "tatl\u0131", "boy", "so\u011fuk", "zor", "\u00f6nde", "hata", "OK", "tabu", "kapsaml\u0131", "k\u0131sa", "hale", "kur", "tur", "pay", "ac\u0131", "kaba", "dal", "normal", "\u00f6nemli", "\u00e7ok", "s\u0131cak", "farkl\u0131", "muhte\u015fem", "ata", "gelir", "ten", "tez", "m\u00fckemmel", "karanl\u0131k", "huzur", "kir", "dingin", "lama", "olay", "kar", "adil", "iyi", "seksi", "kaya", "k\u00fc\u00e7\u00fck", "sert", "sosyal", "kolay", "s\u0131k\u0131nt\u0131", "\u00fcnl\u00fc", "modern", "geri", "kova", "para", "saf"]],