{"Guatemala": [[11.475409836065573, 31.147540983606557, 4.918032786885246, 3.278688524590164, 8.19672131147541, 3.278688524590164, 14.754098360655737, 9.836065573770492, 3.278688524590164, 18.0327868852459], ["kadar", "canl\u0131", "alt\u0131n", "kald\u0131", "is", "ara", "siyah", "ciddi", "yeni", "on", "dahil", "olmak", "futbol", "beyaz", "dolu", "kabul", "petrol", "eski", "kad\u0131n", "gizli", "bas", "erken", "son", "yak\u0131n", "k\u0131z", "dar", "uzun", "insan", "ayn\u0131", "yol", "not", "far", "zaman", "el", "insanlar", "nadir", "k\u0131sa", "yok", "su", "hakim", "asker", "normal", "farkl\u0131", "kuzey", "gelir", "gol", "yer", "av", "tam", "indi", "din", "neden", "papa", "iyi", "tek", "sert", "modern", "sabah", "geri", "benzer", "uygun"]], "Kenya": [[9.375, 26.5625, 3.125, 3.125, 7.8125, 3.125, 12.5, 6.25, 3.125, 14.0625], ["kadar", "kalan", "canl\u0131", "ok", "alt\u0131n", "kald\u0131", "is", "ara", "siyah", "ciddi", "yeni", "erkek", "on", "dahil", "olmak", "dolu", "kabul", "eski", "kad\u0131n", "gizli", "bas", "son", "yak\u0131n", "can", "k\u0131z", "dar", "uzun", "insan", "ayn\u0131", "adam", "boy", "yol", "not", "far", "kan", "zaman", "el", "insanlar", "nadir", "k\u0131sa", "yok", "su", "hakim", "asker", "normal", "farkl\u0131", "gelir", "gol", "yer", "av", "tam", "din", "neden", "kar", "papa", "adil", "iyi", "tek", "kaya", "modern", "sabah", "geri", "benzer", "uygun"]], "Laos": [[10.0, 25.0, 5.0, 3.3333333333333335, 8.333333333333332, 5.0, 10.0, 6.666666666666667, 1.6666666666666667, 15.0], ["kadar", "kalan", "canl\u0131", "alt\u0131n", "kald\u0131", "is", "ara", "siyah", "ciddi", "yeni", "on", "olmak", "dolu", "kabul", "eski", "devam", "kad\u0131n", "gizli", "bas", "erken", "son", "yak\u0131n", "bat\u0131", "bol", "k\u0131z", "dar", "uzun", "insan", "ayn\u0131", "boy", "yol", "not", "far", "zaman", "el", "insanlar", "nadir", "k\u0131sa", "yok", "su", "hakim", "asker", "normal", "farkl\u0131", "kuzey", "gelir", "yer", "tam", "indi", "koy", "neden", "kar", "iyi", "tek", "sert", "modern", "sabah", "geri", "benzer", "uygun"]], "Malta": [[10.0, 26.666666666666668, 3.3333333333333335, 3.3333333333333335, 8.333333333333332, 3.3333333333333335, 16.666666666666664, 6.666666666666667, 1.6666666666666667, 16.666666666666664], ["kadar", "kalan", "canl\u0131", "alt\u0131n", "kald\u0131", "is", "ara", "siyah", "ciddi", "yeni", "on", "olmak", "beyaz", "dolu", "kabul", "eski", "kad\u0131n", "gizli", "bas", "erken", "son", "yak\u0131n", "k\u0131z", "dar", "uzun", "insan", "ayd\u0131n", "ayn\u0131", "boy", "yol", "not", "far", "zaman", "el", "insanlar", "nadir", "k\u0131sa", "yok", "su", "hakim", "osmanl\u0131", "deniz", "asker", "normal", "farkl\u0131", "kuzey", "gelir", "yer", "tam", "kral", "neden", "papa", "iyi", "tek", "sert", "modern", "sabah", "geri", "benzer", "uygun"]], "Nepal": [[9.090909090909092, 25.757575757575758, 4.545454545454546, 3.0303030303030303, 7.575757575757576, 4.545454545454546, 12.121212121212121, 6.0606060606060606, 1.5151515151515151, 12.121212121212121], ["kadar", "kalan", "bilim", "canl\u0131", "alt\u0131n", "kald\u0131", "is", "ara", "siyah", "ciddi", "yeni", "on", "dolu", "kabul", "eski", "kad\u0131n", "gizli", "bas", "erken", "son", "yak\u0131n", "bol", "can", "k\u0131z", "dar", "uzun", "insan", "ayn\u0131", "boy", "yol", "not", "far", "kan", "zaman", "el", "insanlar", "nadir", "k\u0131sa", "yok", "su", "tur", "hakim", "asker", "normal", "farkl\u0131", "kuzey", "gelir", "yer", "av", "tam", "indi", "din", "bilgi", "koy", "neden", "kar", "papa", "adil", "iyi", "tek", "sert", "modern", "sabah", "geri", "benzer", "uygun"]], "Pakistan": [[9.523809523809524, 30.158730158730158, 3.1746031746031744, 3.1746031746031744, 7.936507936507936, 3.1746031746031744, 14.285714285714285, 7.936507936507936, 3.1746031746031744, 15.873015873015872], ["kadar", "kalan", "canl\u0131", "alt\u0131n", "kald\u0131", "is", "ara", "siyah", "ciddi", "yeni", "on", "dahil", "olmak", "beyaz", "dolu", "kabul", "eski", "devam", "kad\u0131n", "gizli", "bas", "erken", "son", "yak\u0131n", "can", "k\u0131z", "dar", "uzun", "insan", "ayn\u0131", "boy", "not", "far", "zaman", "el", "insanlar", "nadir", "k\u0131sa", "yok", "su", "tur", "hakim", "asker", "sabit", "normal", "farkl\u0131", "kuzey", "gelir", "gol", "yer", "tam", "indi", "din", "neden", "adil", "iyi", "tek", "sert", "modern", "sabah", "geri", "benzer", "uygun"]], "Paraguay": [[8.064516129032258, 29.03225806451613, 3.225806451612903, 3.225806451612903, 6.451612903225806, 1.6129032258064515, 12.903225806451612, 9.67741935483871, 3.225806451612903, 17.741935483870968], ["kadar", "kalan", "canl\u0131", "ok", "alt\u0131n", "kald\u0131", "is", "ara", "siyah", "ciddi", "yeni", "on", "dahil", "olmak", "futbol", "beyaz", "kabul", "eski", "kad\u0131n", "gizli", "bas", "erken", "son", "yak\u0131n", "k\u0131z", "dar", "uzun", "insan", "ayn\u0131", "boy", "yol", "not", "far", "zaman", "el", "insanlar", "nadir", "k\u0131sa", "yok", "su", "hakim", "asker", "normal", "farkl\u0131", "kuzey", "gelir", "gol", "yer", "av", "tam", "indi", "ilk", "neden", "papa", "iyi", "tek", "sert", "modern", "sabah", "geri", "benzer", "uygun"]], "Peru": [[10.714285714285714, 26.785714285714285, 3.571428571428571, 3.571428571428571, 8.928571428571429, 3.571428571428571, 14.285714285714285, 7.142857142857142, 1.7857142857142856, 14.285714285714285], ["kadar", "kalan", "canl\u0131", "alt\u0131n", "kald\u0131", "is", "ara", "siyah", "ciddi", "yeni", "on", "olmak", "beyaz", "dolu", "kabul", "eski", "kad\u0131n", "gizli", "bas", "son", "yak\u0131n", "bol", "can", "k\u0131z", "dar", "uzun", "insan", "ayn\u0131", "boy", "yol", "not", "far", "zaman", "el", "insanlar", "nadir", "k\u0131sa", "yok", "su", "hakim", "asker", "normal", "farkl\u0131", "gelir", "yer", "av", "tam", "neden", "papa", "iyi", "tek", "sert", "modern", "geri", "benzer", "uygun"]], "Sudan": [[8.771929824561402, 28.07017543859649, 5.263157894736842, 3.508771929824561, 7.017543859649122, 5.263157894736842, 12.280701754385964, 5.263157894736842, 1.7543859649122806, 15.789473684210526], ["kadar", "ses", "alt\u0131n", "kald\u0131", "is", "ara", "ciddi", "yeni", "erkek", "on", "olmak", "dolu", "kabul", "eski", "devam", "kad\u0131n", "gizli", "bas", "son", "yak\u0131n", "can", "k\u0131z", "dar", "uzun", "insan", "ayd\u0131n", "ayn\u0131", "boy", "yol", "not", "far", "kan", "zaman", "el", "insanlar", "nadir", "k\u0131sa", "yok", "su", "hakim", "asker", "sabit", "normal", "farkl\u0131", "gelir", "yer", "tam", "koy", "neden", "kar", "adil", "iyi", "tek", "modern", "sabah", "benzer", "uygun"]], "Venezuela": [[9.375, 29.6875, 4.6875, 3.125, 6.25, 1.5625, 14.0625, 9.375, 3.125, 15.625], ["kadar", "kalan", "canl\u0131", "alt\u0131n", "kald\u0131", "ekonomik", "is", "ara", "siyah", "ciddi", "aktif", "yeni", "on", "dahil", "olmak", "futbol", "beyaz", "kabul", "petrol", "eski", "liberal", "kad\u0131n", "gizli", "bas", "erken", "son", "yak\u0131n", "k\u0131z", "dar", "uzun", "insan", "ayn\u0131", "boy", "not", "far", "zaman", "el", "insanlar", "nadir", "k\u0131sa", "yok", "su", "hakim", "asker", "sabit", "normal", "farkl\u0131", "demokrat", "kuzey", "gelir", "gol", "yer", "tam", "ilk", "neden", "papa", "adil", "iyi", "tek", "sert", "modern", "geri", "benzer", "uygun"]],